                  epoch,         train/box_loss,         train/cls_loss,         train/dfl_loss,   metrics/precision(B),      metrics/recall(B),       metrics/mAP50(B),    metrics/mAP50-95(B),           val/box_loss,           val/cls_loss,           val/dfl_loss,                 lr/pg0,                 lr/pg1,                 lr/pg2
                      1,                 2.7981,                 4.2444,                 2.4657,                0.10703,                0.12405,                0.07652,                0.02971,                 2.4279,                 4.8677,                 2.3514,                0.00012,                0.00012,                0.00012
                      2,                 2.2888,                 2.9212,                 1.9428,                0.27925,                    0.4,                0.25912,                0.08372,                 2.3458,                  2.911,                 2.0383,             0.00020852,             0.00020852,             0.00020852
                      3,                 1.9547,                 2.3276,                 1.7042,                0.52725,                0.36667,                0.38147,                0.12677,                 2.2754,                 3.9634,                 1.9332,              0.0002416,              0.0002416,              0.0002416
                      4,                 1.8733,                 1.9973,                 1.6582,                0.67601,                    0.4,                  0.422,                0.15046,                 2.1312,                 2.8757,                 1.9281,             0.00021924,             0.00021924,             0.00021924
                      5,                 1.9277,                 1.9509,                 1.7277,                0.50775,                    0.5,                0.39947,                0.18661,                 2.0489,                 2.2916,                 1.8647,             0.00014144,             0.00014144,             0.00014144
