                  epoch,         train/box_loss,         train/cls_loss,         train/dfl_loss,   metrics/precision(B),      metrics/recall(B),       metrics/mAP50(B),    metrics/mAP50-95(B),           val/box_loss,           val/cls_loss,           val/dfl_loss,                 lr/pg0,                 lr/pg1,                 lr/pg2
                      1,                 2.7945,                 4.5176,                 2.5296,                0.00151,                0.46667,                0.04936,                0.01421,                 2.3665,                 4.8453,                  2.419,                0.00012,                0.00012,                0.00012
                      2,                 2.2631,                 4.0406,                 2.1687,                0.00172,                0.53333,                0.23373,                0.07618,                 2.1776,                 4.5412,                 2.1719,             0.00020852,             0.00020852,             0.00020852
                      3,                 2.1495,                 3.4737,                 1.9256,                0.00194,                    0.6,                0.18033,                0.06427,                 2.0953,                 4.4147,                 1.8907,              0.0002416,              0.0002416,              0.0002416
                      4,                 2.0293,                 3.0684,                 1.7699,                0.00204,                0.63333,                0.18193,                0.08169,                 1.9728,                 4.3071,                 1.7845,             0.00021924,             0.00021924,             0.00021924
                      5,                 2.0682,                 2.9727,                 1.7566,                0.00226,                    0.7,                0.21392,                0.09303,                 2.0702,                 4.2868,                 1.7494,             0.00014144,             0.00014144,             0.00014144
